{
    "loss": 1.7700645923614502,
    "accuracy": 0.7450980544090271
}