{
    "loss": 2.9630372524261475,
    "accuracy": 0.5686274766921997
}